publication_id,length_minutes,production_company,country_of_origin,country_of_origin_2,country_of_origin_3,notes,date_video,date_dvd
-2140670582,0,627615541,Ireland,,,,0,0
-2135466234,10,-1072303267,Ireland,,,Based on the poem of the same name by Cathal o Searcaigh,,
-2131656453,90,-1704424556,Ireland,,,with Parallel Films,0,0
-2126892689,10,-953753551,Ireland,,,"Galway Film Fleadh, 18/7/1992.  Runner-up for the Best Short Film Award at the 1992 Galway Film Fleadh.",,
-2121928754,51,627615541,Ireland,,,,0,0
-2115908150,0,627615541,Ireland,,,Galway Film Fleadh 2003,0,0
-2101826432,9,-1722868847,Ireland,,,"Cork Film Festival, 1988. 16mm.",,
-2097241500,0,1153387532,Ireland,,,A six part series on herbal medicine.,,
-2081678938,8,-1995761451,Ireland,,,with Irish Film Board/Bord Scannán na hÉireann (Frameworks),,
-2081029433,2,627615541,Ireland,,,,0,0
-2076826087,0,-259323305,Ireland,,,,0,0
-2063526305,0,-396677422,Usa,,,,,
-2055958624,17,-953753551,Ireland,,,Irish Film Centre release.,,
-2055193442,74,1691106361,Ireland,,,AKA Chavez: The Coup. Footage obtained by RTE newscrew during coup.,0,0
-2054956165,0,627615541,Ireland,,,Galway Film Festival 2005 (event programme),,
-2054034963,15,-1081683684,Ireland,,,"Galway Film Fleadh, 15/7/1994.  TX RTÉ 18/3/1995. 16mm.",,
-2048119489,5,1708453635,Ireland,,,"Part of a trilogy incorporating Glass Hour, and Too Dark for Night/Desert.",,
-2044814926,156,1397069845,Ireland,,,6x26 minute programmes,,
-2040005005,52,-963075718,Ireland,,,,,
-2035553506,5,627615541,Ireland,,,,0,0
-2031473774,156,-963075718,Ireland,,,6x26 minute programmes,,
-2026622871,14,-995665144,Ireland,,,,,
-2022796633,11,-17548546,Ireland,,,Cork Film Festival 1995.  Produced in association with the Nother Ireland Film Council and BBC Northern Ireland.,,
-2018303253,9,627615541,Ireland,,,Galway Film Fleadh 2000,0,0
-2006114316,0,1124799135,USA,,,,,
-2002686086,15,627615541,Ireland,,,,0,0
-2001454523,5,1440952788,,,,"Dublin Film Festival, 1989.",,
-1994736703,4,627615541,USA,,,,0,0
-1992944647,3,627615541,Ireland,,,Galway Film Fleadh 2003,0,0
-1981572066,0,627615541,Ireland,USA,,Galway Film Fleadh 2004,0,0
-1969830697,10,627615541,Ireland,,,,,
-1966558770,52,-1096680108,Ireland,,,,,
-1956467362,15,-953753551,Ireland,,,"Galway Film Fleadh. Won Most promising Director, Best Use of Sound, Best Editing, Best Use of Stills at the 1993 Fuji Film Awards. Won a Certificate of Merit at the 1993 Cork Film Festival. 16mm. Col and b&w.",,
-1933079604,10,339696313,Ireland,,,,0,0
-1932431050,97,141517865,England,,,"Won the Jury Award at Montreal Film Festival, 1988. 16mm.",,
-1930066320,12,-409060213,,,,"Galway Film Fleah, 1990.",,
-1917369148,8,-1797924093,Ireland,,,"Galway Film Fleadh, 1992, won Best Short Film Award.  Won Best Fiction Film Award at the 1993 Irish Student Film Festival.  16mm.",,
-1898781672,12,627615541,Ireland,,,,0,0
-1887982630,50,-1464978467,Ireland,,,,,
-1885874863,0,593841296,Ireland,,,with Irish Film Board/Bord Scannán na hÉireann (Frameworks),,
-1867685870,7,-1995761451,Ireland,,,with Irish Film Board/Bord Scannán na hÉireann (Frameworks),,
-1861969597,0,119299072,Ireland,,,,,
-1850117881,97,2076503774,USA,,,,,
-1843860394,10,627615541,Ireland,,,with Irish Film Board/Bord Scannán na hÉireann (Frameworks),,
-1843509671,113,1799876280,USA,,,,,
-1838347186,5,627615541,,,,Super 8 film,0,0
-1830798931,181,259756394,England,,,with BBC.,0,0
-1828768057,0,119299072,Ireland,,,,,
-1821776979,10,1449816938,Ireland,,,,0,0
-1814355048,8,627615541,Ireland,,,,,
-1813396879,3,627615541,Ireland,,,,0,0
-1804291176,26,627615541,Ireland,,,Cork Film Festival 2001,0,0
-1795995000,810,-1557530621,Ireland,,,Series One: 14x30 minute programmes. Series Two: 13x30 minute programmes.,,
-1785429437,26,1449816938,Ireland,,,With TG4. Screened 30/4/02 as part of Splanc! Documentary series,0,0
-1782793703,20,627615541,Ireland,,,Cork Film Festival 2001,,
-1766436451,12,1071378180,Ireland,,,with Irish Film Board/Bord Scannán na hÉireann (Frameworks).,,
-1761169177,104,1356623193,Ireland,,,,,
-1748085418,3,627615541,Ireland,,,,0,0
-1739266670,30,582635766,Ireland,,,,,
-1707266394,52,1356623193,Ireland,,,,,
-1697401953,4,1708453635,Ireland,,,with Irish Film Board/Bord Scannán na hÉireann,,
-1689527780,12,-486476185,Ireland,,,,,
-1688418873,108,-251572578,England,,,,,
-1688309265,12,730229205,Ireland,,,"With the Irish Film Board/Bord Scannán na hÉireann, RTÉ. Short Cuts 1999.",,
-1686125501,0,627615541,Ireland,,,With Irish Film Board/Bord Scannán na hÉireann (Irish Flash),,
-1683720750,5,627615541,Ireland,,,,,
-1673975596,37,2043453412,Ireland,,,Screened RTE 1 10/05/95.  Profile of Stokestown Famine Museum,0,0
-1670812640,26,-1625740475,Ireland,,,with Irish Film Board/Bord Scannán na hÉireann Short Cuts 2000,,
-1669735978,3,627615541,Ireland,,,Cork Film Festival 1999,0,0
-1668322875,26,627615541,Ireland,,,,,
-1665116954,45,627615541,USA,,,,0,0
-1661065727,3,627615541,Ireland,,,,0,0
-1658651028,156,-1068090144,Ireland,,,With the Geological Survey of Ireland. 6x26 minute programmes.,,
-1652069162,26,-468294241,England,,,"A version of the morality play, Everyman, adapted by Dr. Francis Clark from a modern edition by Brian Stone. Use of a simple production style puts emphasis on Everyman's words, thereby focusing on the changes in his spiritual condition.",0,0
-1643278665,240,-298811,England,,,,0,0
-1640129314,0,1124396913,Ireland,,,One of the first six films in the 'Short Cuts' series initiated by RTÉ and Bord Scannán na hÉireann.,,
-1636132194,0,1124875313,USA,,,,,
-1624266534,10,1194935517,,,,"London Film Festival, 1991.",,
-1617131672,18,1047963641,Ireland,,,with Irish Film Board/Bord Scannán na hÉireann (Oscailt),,
-1613788879,0,119299072,Ireland,,,,,
-1597509120,0,-396677422,USA,,,"May not have been released at all due to a court order which ruled that the production company had no right to adapt the play (Peg O' My Heart, by J Hartley Manners) without the playwright's permission.",,
-1596150490,52,-963075718,Ireland,,,,,
-1594006405,8,627615541,Ireland,,,,,
-1593902676,13,1850564151,Ireland,,,"Produced with the assistance of the Northern Ireland Film Council and BBC Northern Ireland. Released at Cork Film Festival, 1995.",,
-1584159709,0,1220571921,USA,,,Five reels,,
-1577985851,26,1356623193,Ireland,,,,,
-1575033535,84,1360855616,Ireland,,,,,
-1549787049,7,6607463,Ireland,,,Galway Film Fleadh 2000,,
-1542947720,7,-1102080077,,,,"Galway Film Fleadh, 1995",,
-1539420656,60,582635766,Ireland,,,2x30 minute programmes,,
-1530148603,124,1138361709,Ireland,,,"With the assistance of Bord Scannán na hÉirenn/Irish Film Board, The Arts Council of Ireland. In association with Radio Teilifís Éireann.",,
-1529865243,11,627615541,Ireland,,,Network Ireland (distributor) - listed on website,,
-1521613114,0,1153387532,Ireland,,,,,
-1519774616,100,553526629,Ireland,,,,,
-1519340835,10,-1466774364,Ireland,,,With RTÉ and Film Base,,
-1506644784,52,-1465909103,Ireland,,,"With BC Productions; Arts Council; broadcast RTE, 4/9/2001. Poetry by Paula Meehan",0,0
-1503705280,0,1127207579,Ireland,,,,,
-1497909990,10,-1797924093,Ireland,,,,,
-1488120103,14,2012270904,Ireland,,,"Dublin Film Festival, 1992.",,
-1485769670,24,2043453412,Ireland,,,Part of Townlands documentary series.,0,0
-1479023003,8,627615541,Ireland,,,,,
-1472432421,4,627615541,USA,,,,0,0
-1470591008,84,627615541,Ireland,,,,,
-1466954438,40,627615541,USA,,,,0,0
-1465719736,0,486433572,Ireland,,,,0,0
-1464441671,16,-953753551,Ireland,,,16mm.,,
-1458006519,0,-1460569304,USA,,,,,
-1457661500,30,582635766,Ireland,,,,,
-1453410785,52,-963075718,Ireland,,,,,
-1427846273,0,-2043021770,USA,,,Five reels,,
-1427238252,0,1598100415,England,,,,,
-1403711351,0,-317784554,Ireland,,,Arts Council of Ireland production,0,0
-1395921521,6,1860860550,Ireland,,,Animated,,
-1392602397,3,627615541,Ireland,,,,,
-1390222153,10,-258691250,Ireland,,,,,
-1380831909,0,568820994,Ireland,,,16mm.,,
-1361276660,7,627615541,Ireland,,,with Irish Film Board/Bord Scannán na hÉireann (Frameworks),,
-1359217975,10,-653776152,,,,"Galway Film Fleadh, 16/7/1994.",,
-1353380806,6,627615541,Ireland,,,Cork Film Festival 2001,0,0
-1343350968,0,627615541,Ireland,,,Galway Film Fleadh 2004,0,0
-1343246332,0,1124875313,USA,,,,,
-1333322492,10,-259323305,Ireland,,,Galway Film Fleadh 2000,0,0
-1333164619,23,-953753551,Ireland,,,,,
-1329362682,52,1660582415,Ireland,,,Part of RTE's True Lives documentary series,0,0
-1298534232,28,-1790558839,England,,,,0,0
-1289172777,0,627615541,Ireland,,,"Galway Film Fleadh, 2004",0,0
-1282740265,11,-683541778,Ireland,,,With RTÉ.,,
-1256931978,111,684837225,USA,,,,,
-1240199846,103,1717472093,England,,,Produced by Frontroom and Belfast Film Workshop. With the assistance of Channel Four under the auspices of the Workshop Declaration. 16mm.,,
-1237378549,17,1369784946,Ireland,,,With Leeds Metropolitan University,,
-1236193585,28,1123862726,Ireland,,,Irish Film Centre release. 16mm.,,
-1225652775,4,-2041193416,Ireland,,,,,
-1221786183,5,-953753551,Ireland,,,,,
-1221279465,91,2062883118,Ireland,,,Cork Film Festival,,
-1219773062,16,-953753551,Ireland,,,"Irish Film Centre release 24/6/1994, Galway Film Fleadh 16/7/1994",,
-1210590465,16,-2142866506,Ireland,,,"Galway Film Fleadh, 17/7/1993.",,
-1205184357,3,1047963641,Ireland,,,with Irish Film Board/Bord Scannán na hÉireann (Short Shorts),,
-1195734696,88,1523546592,USA,,,,,
-1193510180,25,2043453412,Ireland,,,,0,0
-1175319175,0,627615541,Ireland,,,,0,0
-1166546911,0,1052490912,Ireland,,,with Irish Film Board/Bord Scannán na hÉireann (Oscailt),,
-1165272931,96,1181112460,USA,,,,,
-1163645951,26,119299072,Ireland,,,,,
-1158470115,0,1153387532,Ireland,,,,,
-1157144064,15,-279588773,Ireland,,,,,
-1150368033,3,874403012,Ireland,,,Choreographed mime. With Irish Film Board/Bord Scannán na hÉireann (Short Shorts),,
-1146669782,12,593841296,Ireland,,,Winner Irish Film and Television Awards 2005,,
-1145452768,12,-147488093,Ireland,,,"Cork Film Festival, 1989. 16mm.",,
-1141025364,19,627615541,Ireland,,,with Irish Film Board/Bord Scannán na hÉireann (Oscailt series),,
-1132363669,0,1909164161,Ireland,,,,,
-1128327510,3,627615541,Ireland,Russia,,Doclands Documentary Film Festival 2001,0,0
-1126740951,26,1944976840,Ireland,,,with Irish Film Board/Bord Scannán na hÉireann. Irish Film Archive list release date as 1997.,,
-1125358420,3,1047963641,Ireland,,,with Irish Film Board/Bord Scannán na hÉireann (Short Shorts),,
-1122828347,52,-1096680108,Ireland,,,,,
-1114047423,3,-944236148,Ireland,,,with Irish Film Board/Bord Scannán na hÉireann (Short Shorts),,
-1109794250,4,627615541,Ireland,,,,0,0
-1102628903,26,2057377336,Ireland,,,,,
-1102457840,54,-693050197,Ireland,,,,,
-1100295458,60,1273937265,USA,,,,,
-1096873644,4,-1252327043,Ireland,,,Galway Film Festival 2005 (event programme),,
-1094316631,0,627615541,Ireland,,,with Irish Film Board/Bord Scannán na hÉireann (Frameworks). AKA The Big Picture. Part of Frameworks series.,,
-1092555885,0,1127207579,Ireland,,,,,
-1080816411,27,-820014348,England,,,,,
-1043202961,0,580786995,Ireland,,,,,
-1034886754,30,-630515804,Ireland,,,,,
-1031582972,0,707617775,USA,,,6-7 reels,,
-1011004990,18,-953753551,Ireland,,,Screened on 26/01/98 as part of RTE's True Lives documentary series,,
-1008122751,4,627615541,Ireland,,,,0,0
-982278786,0,-28187865,,,,Part of Europe wide filmmakers collaboration project.,0,0
-979438827,53,2043453412,Ireland,,,,,
-969712723,3,627615541,Ireland,,,,0,0
-968411870,156,-1068090144,Ireland,,,With Nemeton Productions. 6x26 minute programmes,,
-964886923,192,874403012,Ireland,,,With BBC Northern Ireland and RTÉ. 2x96 minute programmes.,,
-964596066,15,-953753551,Ireland,,,This film was awarded a Fuji Scholarship in 1995.,,
-964220438,93,610141229,Ireland,,,"With Moviefan (Denmark), Lolafilms SA (Spain) and Zoma Films (UK)",,
-958588775,180,-1739779691,Ireland,,,6x30minute programmes,,
-956887900,14,627615541,Ireland,,,,,
-948534445,94,124134874,Ireland,,,With the Irish Film Board and Abbey Films,,
-946772128,8,90810171,Ireland,,,"Part of a trilogy incorporating Too Dark for Night/Desert, and Forty Below. With Irish Film Board/Bord Scannán na hÉireann",,
-940910821,10,-953753551,Ireland,,,"16mm, b&w.",,
-931048465,10,627615541,Ireland,,,,,
-912863892,3,1708453635,Ireland,,,with Irish Film Board/Bord Scannán na hÉireann,,
-894981610,12,627615541,Ireland,,,,,
-887554733,10,-953753551,Ireland,,,"Galway Film Fleadh, 17/7/1993. Awarded a Certificate of Merit at the 1994 Cork Film Festival",,
-874243330,100,1428855888,England,,,,,
-863632989,105,-1465098390,England,,,,,
-863200990,16,-1625740475,Ireland,,,,,
-856957301,0,627615541,Ireland,,,Galway Film Fleadh 2004,0,0
-854341442,30,-963075718,Ireland,,,,,
-837208322,2,627615541,Ireland,,,,,
-836406145,26,1449816938,Ireland,,,With TG4. Part of Splanc documentary series,0,0
-832610824,47,627615541,USA,,,,0,0
-832422042,93,-1068090144,Ireland,,,with TV4 and Buena Vista.,,
-831980848,84,-298811,England,,,,0,0
-818680805,25,627615541,Ireland,,,,0,0
-813673876,0,-1739779691,Ireland,,,,,
-810395048,15,627615541,Ireland,,,,,
-795203153,10,6607463,Ireland,,,,0,0
-786527566,0,1124396309,,,,,,
-781989205,54,-1415746232,Ireland,,,,0,0
-774843357,52,806652906,Ireland,,,Bord Scannan na hEireann,,
-774438103,91,1229333597,Ireland,,,With Dogtown Productions,,
-757081233,24,557796484,Ireland,,,Co-produced by Pavee Point Productions. Galway Film Fleadh 2000,0,0
-750452932,8,627615541,Ireland,,,DVD format,,
-727434630,0,2010522704,Ireland,,,,,
-722723202,7,-1722868847,Ireland,,,"Cork Film Festival, 1988. 16mm.",,
-694540102,17,627615541,Ireland,,,,0,0
-680729188,3,593841296,Ireland,,,with Irish Film Board/Bord Scannán na hÉireann (Short Shorts). Galway Film Fleadh 2003,,
-668517820,70,-359073644,USA,,,,,
-667430431,26,627615541,Ireland,,,,0,0
-660213211,118,1124875313,USA,,,,,
-657107439,0,-666105776,USA,,,,,
-654462670,4,627615541,Ireland,,,Galway Film Fleadh 2003,0,0
-632502382,15,-953753551,Ireland,,,"Irish Film Centre 24/6/1994. Galway Film Festival, 16/7/1994. 16mm. Sighle Tóibín won Honorary Award at Brest for her work on this film.",,
-612483330,104,2043453412,USA,Ireland,,,0,0
-612189326,90,-1995761451,Ireland,,,,,
-607249020,3,627615541,USA,,,,0,0
-593747123,0,627615541,Ireland,,,Galway Film Fleadh 2003,0,0
-589804080,6,627615541,,,,,0,0
-581233380,52,-963075718,Ireland,,,,,
-579472302,90,-298811,England,,,,0,0
-578689935,5,1279470640,Ireland,,,with Irish Film Board/Bord Scannán na hÉireann (Frameworks),,
-577423128,52,582635766,Ireland,,,,,
-575291104,28,627615541,,,,super 8,0,0
-572162580,30,710597495,Ireland,,,,,
-571530371,325,2057377336,Ireland,,,13x25minute programmes. Three series.,,
-560470293,0,-396677422,USA,,,Five reels,,
-557084371,0,-564863652,USA,,,,,
-555372974,26,-454176910,Ireland,,,Body art movie,0,0
-550697968,156,-963075718,Ireland,,,6x26 minute programmes.,,
-544159713,10,984050006,Ireland,,,,,
-536776139,6,1799008132,Ireland,,,,,
-529170434,0,1220571921,USA,,,five reels,,
-526656310,76,270872205,USA,,,,,
-525289177,98,-117863554,Ireland,,,,,
-525169948,98,1544974159,England,,,In association with New Irish Film Productions,,
-509651607,90,-2121059320,USA,,,,,
-506587735,90,-1072997048,Ireland,,,"In association with Channel Four, and Dublin Cinema Group.",,
-470695573,10,1470100591,Ireland,,,with Irish Film Board/Bord Scannán na hÉireann,,
-470427062,26,-1797924093,Ireland,,,"Galway Film Fleadh, 1994",,
-437718201,52,-1641274850,Ireland,,,with East Lane Films Co-Productions,,
-424778984,81,42983482,Ireland,,,,,
-415118330,74,1691106361,Ireland,,,Also known as The Revolution Will Not Be Televised. Footage obtained by RTE newscrew during coup.,,
-407712471,52,119299072,Ireland,,,,,
-400598841,7,1770327454,Ireland,,,,,
-400510156,0,427440863,,,,,,
-390544211,156,-693050197,Ireland,,,6x26 minute programmes. Conflict with IFTN re running length (6x30),,
-387895831,15,575159944,,,,"Dublin Film Festival, 1993.",,
-385149144,93,1935964963,Ireland,,,,,
-384155153,0,1878801510,USA,,,Produced with Bluebird Photoplays Inc. Five reels,,
-383729976,88,1970906207,Ireland,,,,0,0
-377976653,70,-1412301638,USA,,,,,
-340237095,13,1127749432,Ireland,,,With Camera Pen Ltd. Winner of the Claire Lynch Award in 1999 (Cork Film Festival),,
-331353510,0,1229333597,Ireland,,,,,
-317967748,32,-953753551,Ireland,,,,,
-316189872,0,-298768149,USA,,,,,
-315053563,58,-359073644,USA,,,,,
-312238994,22,1449816938,Ireland,,,,0,0
-303719183,55,-693266768,Ireland,,,,,
-300951744,0,-1173577061,USA,,,,,
-299965061,13,627615541,Ireland,England,,,0,0
-296697230,52,-1169908779,Ireland,,,with RTÉ,,
-295640644,24,536182919,Ireland,,,with Irish Film Board/Bord Scannán na hÉireann (Oscailt),,
-295578993,180,2057377336,Ireland,,,6x30 minute programmes,,
-288516160,3,-1367616639,Ireland,,,Galway Film Fleadh 2003,,
-288335037,0,627615541,Ireland,,,Galway Film Festival 2005 (event programme),,
-282021350,0,26966813,England,,,"Cork Film Festival, 1981",,
-272481492,28,627615541,USA,,,,0,0
-272064932,0,-1893354585,USA,,,Five reels,,
-269492786,16,1047963641,Ireland,,,With Samson Films,,
-268444768,0,-226175877,USA,,,,,
-249070974,8,-1722868847,Ireland,,,Cork Film Festival. 16mm.,,
-242464948,0,-726216611,Ireland,,,"Bord Scannan na hEireann, Oscailt 1999",0,0
-242027697,117,684837225,USA,,,,,
-235186202,8,-2008792167,Ireland,,,"with Irish Film Board/Bord Scannán na hÉireann, Filmbase, RTÉ, Screen Scene, Ardmore Sound",,
-216256169,0,627615541,Ireland,,,,,
-212193688,8,1449816938,Ireland,,,,0,0
-200278012,5,-259323305,Ireland,,,,,
-172565479,0,-396677422,USA,,,Five reels,,
-161153252,300,582635766,Ireland,,,10x30 minute programmes,,
-156605044,10,-1797924093,Ireland,,,,0,0
-156445726,188,1118754054,Australia,,,,,
-154555408,0,-748427253,USA,,,Five reels.,,
-152313673,15,627615541,Ireland,,,,0,0
-139619810,13,-953753551,Ireland,,,16mm.,,
-132978006,390,582635766,Ireland,,,13x30 minute programmes,,
-126127182,0,-1662510571,USA,,,,,
-112967151,0,2010522704,Ireland,,,,,
-109431840,79,1183708603,England,,,,,
-103956692,10,1128016311,Ireland,,,,,
-103428270,10,627615541,USA,,,,0,0
-100699678,2,12062907,Ireland,,,Darklight Film Festival 2007,0,0
-97752227,100,1128017484,Ireland,England,,,,
-97391618,6,627615541,Ireland,,,Galway Film Fleadh 2000.,0,0
-91967461,104,-276133182,England,,,With Channel 4.,,
-90450394,14,1192878809,Ireland,,,,,
-82268499,12,-953753551,Ireland,,,"Cork Film Festival, 1988.",,
-80900839,0,-396677422,USA,,,,,
-78192328,0,-1739779691,Ireland,,,,,
-77750235,21,627615541,USA,,,,0,0
-67795598,0,1449816938,England,,,,0,0
-55158902,0,627615541,,,,,,
-51015370,21,-1630010327,,,,"Released at the Galway Film Fleadh, 1995.",,
-47561011,14,1129037021,Ireland,,,"With the Irish Film Board/Bord Scannán na hÉireann, RTÉ. Short Cuts 1999.",,
-39003427,25,172295898,Ireland,,,,0,0
-37676926,25,-1485331419,Ireland,,,With Dublin Institute of Technology,,
-36478241,4,627615541,Ireland,,,,0,0
-20721502,96,-298811,England,,,,,
-20008475,2,627615541,Ireland,,,,0,0
-16848475,17,486433572,Ireland,,,Bord Scannan na hEireann Short Cuts 2000,0,0
-12493083,15,-475391321,Ireland,,,with Irish Film Board/Bord Scannán na hÉireann Short Cuts 2000,,
-556189,0,-1252327043,Ireland,,,Galway Film Fleadh 2003,0,0
4309706,60,2057377336,Ireland,,,,,
5332786,30,1153387532,Ireland,,,,,
22241111,0,627615541,Ireland,,,Galway Film Fleadh 2003,0,0
39252232,10,1127748924,Ireland,,,With Love Seat Entertainment,,
46482600,12,1229333597,Ireland,,,,,
47872488,9,1052490912,Ireland,,,with Irish Film Board/Bord Scannán na hÉireann,,
55743062,0,1052490912,Ireland,,,,,
62991627,0,627615541,Ireland,,,Collective. Galway Film Fleadh 2003,0,0
74486807,0,1127207579,Ireland,,,,,
81525692,60,1153387532,Ireland,,,Documentary on the Caulfields and Ceíde fields.,,
91482871,26,1534719630,Ireland,,,with Irish Film Board/Bord Scannán na hÉireann (Oscailt),,
107881150,300,582635766,Ireland,,,10x30 minute programmes,,
113735239,54,486433572,Ireland,,,With Humminbird and Harvest Films Productions.  Screened RTE 1 as part of Arts Lives series,0,0
118100910,3,-1367616639,Ireland,,,with Irish Film Board/Bord Scannán na hÉireann (Short Shorts),,
127650263,13,-953753551,Ireland,,,"Irish Film Centre, 24/6/1994.  Galway Film Fleadh, 16/7/1994.  Runner-up in Best Overall Production category in the 1994 Fuji Scholarship Awards.  Won inaugural Best First Film at the Cork Film Festival.",,
138122095,10,627615541,Ireland,,,,0,0
145297404,30,1449816938,Ireland,,,,0,0
145613579,10,-454176910,Ireland,,,Lasair short film,,
146380502,0,627615541,Ireland,,,Galway Film Fleadh 2003,0,0
147280136,0,627615541,Ireland,,,Galway Film Fleadh 2003,0,0
155213775,82,-357963629,Ireland,,,With the assistance of Bord Scannán na hÉireann/Irish Film Board. 16mm.,,
163149365,12,-953753551,Ireland,,,"Cork Film Festival, 1988. 16mm.",,
167417720,15,-390201677,Ireland,,,,,
170487371,138,-1770532942,USA,,,,,
175500724,0,-226175877,USA,,,,,
175624268,22,1449816938,Ireland,,,,0,0
176000524,10,627615541,Ireland,,,,0,0
177276611,103,542035210,Ireland,,,,,
177626644,90,838417727,Ireland,,,Co-produced in France,,
197561507,112,684837225,USA,,,,,
205390019,15,-953753551,Ireland,,,"Galway Film Fleadh, 17/7/1993.",,
207159663,240,-298811,England,,,,0,0
223222093,0,1502198268,USA,,,,,
227112031,0,1464905366,USA,,,Six-Seven reels. First film in a national anti-venereal disease campaign organised by the US public Health Service.,,
235714624,0,627615541,Ireland,,,Galway Film Fleadh 2003,0,0
239899578,0,1824819005,USA,,,,,
250227184,30,-630515804,Ireland,,,,,
261153581,81,1124382556,Ireland,,,,,
264413847,52,1128074956,Ireland,,,Galway Film Fleadh 2004,0,0
287532304,100,1045715371,Ireland,,,With Scala.,,
287620158,3,2099546193,Ireland,,,with Irish Film Board/Bord Scannán na hÉireann (Short Shorts),,
292038666,10,-746918195,Ireland,,,with Irish Film Board/Bord Scannán na hÉireann (Frameworks),,
304649685,55,-1275087758,Ireland,,,,0,0
315064581,156,-1068090144,Ireland,,,,,
333872831,0,627615541,Ireland,,,Galway Film Fleadh 2003,0,0
341436682,91,-1016769587,Ireland,,,,,
350364664,72,382995763,Ireland,,,"Made under A.C.C.T. Workshop Declaration. For Channel Four. In association with British Screen and Radio Teilifís Éireann. Premiere 23/11/1989, Derry. 24/2/1990 Dublin Film Festival. General release 9/3/1990. Won Best Drama Award at 11th International Celtic Film Festival, 1990; awarded Director's Prize at the Orléans Film Festival, 1990; Irish nomination for Young European Film of the Year at the 1990 European Film Awards.",,
362572048,4,716697003,,,,Galway Film Fleadh.,,
384480897,95,1523546592,USA,,,,,
388278505,540,-209091192,Ireland,,,18x30 minute programmes,,
404673070,0,-1412301638,USA,,,,,
407543065,0,627615541,Ireland,,,with Irish Film Board/Bord Scannán na hÉireann (Irish Flash),,
415002433,150,1973482560,Ireland,,,3x50 minute programme. With Irish Film Board/Bord Scannán na hÉireann. Galway Film Fleadh 2000,,
416901363,6,-1995761451,Ireland,,,with Irish Film Board/Bord Scannán na hÉireann (Frameworks),,
439240086,16,627615541,Ireland,,,"Cork Film Festival, Cannes",,
444636295,12,-884770722,,,,"Cork Film Festival, 1994.",,
449359592,52,-963075718,Ireland,,,,,
450654293,52,1669806872,Ireland,,,,0,0
454292424,0,627615541,Ireland,,,Galway Film Fleadh 2003,0,0
457684978,200,2057377336,Ireland,,,8x25minute programmes,,
463432003,0,433244554,USA,,,Five reels,,
472839042,0,1063832357,Ireland,,,,,
473665122,23,-147488093,Ireland,,,"Galway Film Fleadh, 1994. Premiere, Walter Reade Theatre, New York, 7/7/1994.",,
484706509,7,627615541,Ireland,,,Galway Film Fleadh 2004,0,0
492293702,10,1128525689,Ireland,,,,,
501154386,78,382276715,Ireland,,,,,
506728684,0,-1252327043,Ireland,,,Galway Film Fleadh 2003,0,0
506892858,240,-298811,England,,,,0,0
510878823,3,1052490912,Ireland,,,with Irish Film Board/Bord Scannán na hÉireann (Short Shorts),,
523882773,20,627615541,Ireland,,,DVD format,,
530967408,23,2087474571,Ireland,,,"With RTÉ, Irish Film Board/Bord Scannán na hÉireann.",,
541941360,0,627615541,Ireland,,,with Irish Film Board/Bord Scannán na hÉireann (Frameworks),,
542727183,12,627615541,Ireland,,,,,
555523543,52,553526629,Ireland,,,"with RTE, Bord Scannan na hEireann. Screened RTE 1 on 01/11/1999",,
555939710,10,627615541,Ireland,,,,0,0
558994047,11,1944976840,Ireland,,,,,
559652017,51,486433572,Ireland,,,"with Dreamchaser Productions. Screened RTE 28/01/03,as part of Arts Lives series",0,0
559676385,0,1394227040,Ireland,,,,,
562794550,3,-2041193416,Ireland,,,,,
565499928,0,1661027795,USA,,,Two reels.,,
568272116,56,1128614815,Ireland,,,,,
591300147,77,42983482,Ireland,,,,,
595445069,12,-953753551,Ireland,,,,,
597752074,17,627615541,Ireland,,,Galway Film Fleadh 2001,0,0
605393959,89,1126019710,USA,,,,,
606005629,145,-847947526,England,,,,0,0
612718844,180,-630515804,Ireland,,,,,
619573289,50,627615541,Ireland,,,,,
629823528,20,-259323305,Ireland,,,,0,0
644956125,90,-1667979887,,,,"Also produced by Calypso Film Produktion (Germany), Delux Productions (Luxembourg), Northpro (UK).  In association with Bord Scannán na hÉireann/irish Film Board, British Screen, NRW Filmstiftung/WDR TV.  USA Release 6/1994, Irish release 24/2/1995",,
648045376,13,627615541,Ireland,,,,0,0
652916104,10,1708453635,Ireland,,,Part of a trilogy incorporating Forty Below and Glass Hour. With Irish Film Board/Bord Scannán na hÉireann,,
655610586,0,627615541,Ireland,,,Galway Film Fleadh 2004,0,0
656302944,23,-1797924093,Ireland,,,"Dublin Film Festival, 1994",,
658239583,4,-259323305,Ireland,,,Cork Film Festival 2001,0,0
666535446,5,627615541,Ireland,,,Based on a series of paintings of the same name by Pauline Bewick. With Irish Film Board/Bord Scannán na hÉireann (Frameworks),,
688053967,12,627615541,Ireland,,,Cork Film Festival 2001,0,0
690482595,0,-953753551,Ireland,,,Galway Film Fleadh 2003  (Best Animated Short),,
691774770,52,-1224900203,Ireland,,,part of RTE's True Lives documentary series,,
693126557,18,-944236148,Ireland,,,,,
695625920,12,-927077861,,,,"Galway Film Fleadh, 15/7/1994.",,
695815349,109,2071004164,England,,,,,
701764740,7,627615541,Ireland,,,,,
706553384,0,222242339,USA,,,,,
716026856,15,-953753551,Ireland,,,"Academy Cinema, Dublin, and Cork Film Festival, 1993.  Winner of the 1991 Fuji Scholarship Awards fro Best Overall Production, Most Promising Direction, Best Editing, and runner-up for Best Camerawork and Lighting.  16mm.",,
737574830,10,627615541,Ireland,,,,0,0
744000164,0,627615541,Ireland,,,Galway Film Fleadh 2003,0,0
769149074,16,-953753551,Ireland,,,16mm.,,
777317057,25,-475391321,Ireland,,,Cork Film Festival 2001,,
779303130,0,-86698787,Ireland,,,,,
782222583,10,-953753551,Ireland,,,"Released Irish Film Centre, 24/6/1994. Released Galway Film Fleadh, 16/7/1994.",,
788469483,15,-953753551,Ireland,,,,,
797305815,3,627615541,USA,,,,0,0
799546221,0,627615541,Ireland,,,Galway Film Fleadh 2003,0,0
804952568,6,580786995,Ireland,,,,,
809675052,10,-953753551,Ireland,,,16mm.,,
816092857,0,627615541,Ireland,,,Galway Film Fleadh 2004,0,0
818062285,13,627615541,Ireland,,,,0,0
821383584,26,1449816938,Ireland,,,with TG4. Part of Splanc documentary series,0,0
879439561,52,-963075718,Ireland,,,,,
891540140,4,627615541,Ireland,,,,0,0
910532128,22,-517866718,Ireland,,,"Made with the support of Film Base/ RTÉ Short Film Award. Made with the assisstance of Dublin Institute of Technology and the Arts Council of Northern Ireland. Winner of the award for Best Film in the Field of Educational Politics at the 1993 Oberhausen Film Festival. Foyle Film Festival, 19/11/1992. Irish Film Centre, 24/2/1993. 16mm.",,
919787612,0,1927746983,USA,,,,,
935056164,10,2125480079,Ireland,,,"Made with the support of the Galway Film Centre/RTÉ Script Awards, and the Fulbright Scholarship Program. Glaway Film Fleadh, 16/7/1993.",,
936156715,46,-1731039344,Ireland,,,Galway Film Fleadh 2003,0,0
942705349,26,557796484,Ireland,,,With Arts Councl of Ireland and TG4. Part of Splanc documentary series,0,0
943708475,13,674770018,Ireland,,,,,
950723758,,1909164161,Ireland,,,Six series,,
963201793,108,-251572578,England,,,,0,0
967137678,0,-1739779691,Ireland,,,,,
978504533,19,-953753551,Ireland,,,Won Montgomery Prize at Chicago International Children's Film Festival (1998),,
981269375,0,119299072,Ireland,,,,,
987910868,8,627615541,Ireland,,,Cork Film Festival 2001,0,0
996092030,8,627615541,England,,,,0,0
1002519127,92,-147488093,Ireland,,,,,
1004134523,86,-678412507,Ireland,,,With Hot Property Films. Adapted from photographic novel of the same name by Timothy O'Grady and Steve Pike in 1997.,,
1012590314,99,-1198795475,England,,,,,
1013484070,0,-1739779691,Ireland,,,,,
1015925866,0,627615541,,,,,0,0
1026589583,53,806652906,Ireland,,,,0,0
1036771156,0,-411954929,USA,,,Five reels.,,
1044962857,26,1449816938,Ireland,,,with TG4. Part of Splanc documentary series,0,0
1047579432,10,627615541,Ireland,,,,,
1062428569,17,627615541,Ireland,,,,0,0
1062859105,0,627615541,Ireland,,,Galway Film Fleadh 2003,0,0
1066621767,5,-685168098,Ireland,,,with Irish Film Board/Bord Scannán na hÉireann (Frameworks),,
1066923314,0,-1739779691,Ireland,,,,,
1071221030,13,1964589529,,,,"Galway Film Fleadh, 17/7/1994",,
1089402554,93,1037653565,Ireland,,,,,
1093019981,3,627615541,Ireland,,,with Irish Film Board/Bord Scannán na hÉireann (Irish Flash),,
1099327656,0,-147488093,Ireland,,,"Developed with the assistance of Bord Scannan na hEireann/Irish Film Board, Radio Telifis Eireann, NDR Germany",,
1111947185,0,-1606250466,Ireland,,,,0,0
1115833522,11,627615541,Ireland,,,,0,0
1116033218,52,553526629,Ireland,,,,,
1118492810,360,567488845,Ireland,,,with the Irish Film Board/Bord Scannán na hÉireann. 6x60minute programmes.,,
1119944624,13,-953753551,Ireland,,,"Galway Film Fleadh, 18/7/1992. General release, Irish Film Centre 19/2/1993. 16mm. b&w.",,
1119966554,0,1124396913,Ireland,,,,,
1124270583,14,-953753551,Ireland,,,"Made with the assistance of Galway Corporation. Won first prize, the 'Prix du Jury', at the Third European -en-VO Student Film Festival, Paris, May 1993.  16mm, b&w.",,
1124802871,0,1317692439,USA,,,,,
1125460284,7,369300999,Ireland,,,,,
1126008655,57,-1956151724,USA,,,,,
1127225337,17,-1625740475,Ireland,,,with Irish Film Board/Bord Scannán na hÉireann. Short Cuts 2000,,
1127306940,650,2057377336,Ireland,,,26x25 minute programmes,,
1127386590,0,-1415746232,Ireland,,,Part of the Townlands TV Documentary series for RTE. Sponsored by Bord Scannan na hEireann,,
1127738427,52,-1415746232,Ireland,,,2x26 minute programmes,,
1127752463,25,627615541,Ireland,,,,,
1128095385,13,2088359024,Ireland,,,,,
1128601368,13,627615541,Ireland,,,DVD format,,
1128681818,74,-1237638383,Ireland,,,"With Irish Film Board/Bord Scannán na hÉireann, Channel 4 Television, Northern Ireland Film and Television Commission and the Community Relations Council.",,
1133458406,26,-871559271,,,,,,
1155552870,11,627615541,Ireland,,,,,
1158997244,10,627615541,Ireland,,,Galway Film Festival 2005  (event programme),,
1171416592,100,684837225,USA,,,,0,0
1174475033,90,-1083089800,England,,,Extracts from 'High Noon' (1952) are included in this film.,,
1178456107,0,1356623193,Ireland,,,,,
1181802330,53,-1237638383,Ireland,,,With Asylum Pictures and RTE. Part of True Lives documentary series.,0,0
1185292320,0,336618913,Ireland,,,Galway Film Fleadh 2004,0,0
1185296237,10,1449816938,Ireland,,,,0,0
1185353871,53,486433572,Ireland,,,Screened RTE 25/10/2001; Galway Film Fleadh 2001,0,0
1191772258,60,1973482560,Ireland,,,,0,0
1191856977,15,-475391321,Ireland,,,,0,0
1191939774,3,627615541,Ireland,,,Part of a two-film series. Galway Film Fleadh 2003,0,0
1195013837,20,-953753551,Ireland,,,16mm.,,
1195967241,54,806652906,Ireland,,,,,
1201375162,15,-411317443,England,,,"Dublin Film Festival, 1993",,
1201951196,80,1780999463,Ireland,,,2x40 minute programmes,,
1205767049,25,635582120,Ireland,,,"Dublin Film Festival, 1988.",,
1207721377,14,-2129726919,Ireland,,,Galway Film Fleadh 1998,0,0
1219482484,5,627615541,Ireland,,,,0,0
1219884550,50,1128615481,Ireland,,,With TG4 and An Chomhairle Ealaíon/The Arts Council,,
1224356412,0,-1517191226,,,,,0,0
1238919838,3,627615541,Ireland,,,"With Irish Film Board/Bord Scannán na hÉireann, part of Irish Flash series",,
1253799977,35,-701574240,Ireland,,,with Irish Film Board/Bord Scannán na hÉireann,,
1254042522,78,-642954595,Ireland,,,Bord Scannan na hEireann. 3x26mins,,
1258683713,110,1432844864,England,,,"Best Irish Film at Cork Film Festival, 1981. 16mm.",,
1258955757,0,627615541,Ireland,,,,0,0
1264436840,3,320647011,Ireland,,,with Irish Film Board/Bord Scannán na hÉireann (Short Shorts),,
1272771385,52,1669806872,Ireland,,,,,
1275733538,28,627615541,Ireland,,,super 8 film,0,0
1282427676,3,627615541,Ireland,,,Second installment of two-film series. Galway Film Fleadh 2003,0,0
1286712485,30,1883326900,Ireland,,,,,
1288021132,12,822173847,Ireland,,,"With the assistance of Bord Scannán na hÉireann/Irish Film Board, Radio Teilifís Éireann.  Cork Film Festival.",,
1297504130,15,-678412507,Ireland,,,"With Punched Steel Productions, Irish Film Board/Bord Scannán na hÉireann",,
1299387143,29,2057377336,Ireland,,,,,
1299820932,11,1470100591,Ireland,,,Winner of the Lasair 2 Award,,
1305674576,0,1850564151,Ireland,,,,,
1316997638,85,-2129726919,Ireland,,,,,
1319168723,0,627615541,Ireland,,,Galway Film Fleadh 2003,0,0
1322283760,312,-588174581,Ireland,,,"With BBC Northern Ireland, Irish Film Board/Bord Scannán na hÉireann. 6x52 minute programmes.",,
1324619422,6,1165305905,Ireland,,,,,
1325575917,11,-1797924093,Ireland,,,"Galway Film Fleadh, 1991.",,
1348440805,0,-953753551,Ireland,,,Galway Film Fleadh 2003,0,0
1360035797,60,-630515804,Ireland,,,6x10 minute programmes,,
1376163160,34,1476100115,Ireland,,,"With the assistance of Bord Scannán na hÉireann/Irish Film Board.  In association with Radio Teilifís Éireann.  Cork Film Festival, 1987. 16mm.",,
1376257572,54,-1415746232,Ireland,,,Galway Film Fleadh 2004; Won Best Feature Documentary at 2004 Celtic Film Festival,0,0
1391779881,0,1433559496,USA,,,,,
1392001263,20,-953753551,Ireland,,,Irish Film Centre release. Filmed on 16mm.,,
1398287396,19,-953753551,Ireland,,,16mm.,,
1421237082,2,-683541778,Ireland,,,Galway Film Fleadh 2003,0,0
1433219700,10,92634911,,,,"Galway Film Fleadh, 1991.",,
1438108587,26,485514898,Ireland,,,with Irish Film Board/Bord Scannán na hÉireann,,
1442413055,5,87395284,Ireland,,,"Cork Film Festival, 2003; Galway Film Fleadh 2004",0,0
1446994386,156,-1068090144,Ireland,,,6x26 minute programmes,,
1447547281,10,-475391321,Ireland,,,with Irish Film Board/Bord Scannán na hÉireann,,
1450900300,0,-259323305,USA,,,,,
1458545549,17,1127748924,Ireland,,,,,
1466115470,90,-1068090144,Ireland,,,,,
1467932224,25,-468294241,England,,,A discussion of the poetry in relationship to the landscape Wordsworth wrote in and of.,0,0
1472534747,127,1124875313,USA,,,,,
1474454373,52,1191957697,Ireland,,,,0,0
1479427375,0,747277074,Ireland,,,Galway Film Fleadh 2003,0,0
1484002333,0,1127207579,Ireland,,,,,
1486557865,16,627615541,Ireland,,,Galway Film Fleadh 2001,0,0
1495691262,52,-1237638383,Ireland,,,,,
1501230764,10,-148082889,Ireland,,,With Zanzibar Productions. Irish Film Festival (Kilburn) 2000.,,
1503463111,0,-748427253,USA,,,Five reels.,,
1508704010,52,553526629,Ireland,,,With Bord Scannan na hEireann. Screened RTE 1 part of Arts Lives series,0,0
1514681933,0,119299072,Ireland,,,,,
1520951100,52,-1415746232,Ireland,,,,,
1524066779,15,627615541,Ireland,,,Collective,0,0
1527359894,15,-1652221431,England,,,"Dublin Film Festival, 1995",,
1536094378,30,-963075718,Ireland,,,,,
1551404171,26,2057377336,Ireland,,,,,
1553874743,0,-125008946,USA,,,Five reels,,
1568960430,0,627615541,Ireland,,,with Irish Film Board/Bord Scannán na hÉireann (Irish Flash),,
1571787914,40,-1187226291,England,,,16mm.,,
1581542372,6,627615541,Ireland,USA,,,0,0
1603294568,10,627615541,Ireland,,,,0,0
1606690533,23,1449816938,Ireland,,,,0,0
1606785297,3,-390201677,Ireland,,,with Irish Film Board/Bord Scannán na hÉireann (Short Shorts),,
1611741894,52,-1568711175,Ireland,,,,,
1612742565,0,1878801510,USA,,,,,
1616177001,15,677137928,Ireland,,,,,
1624247713,98,261449760,Ireland,,,"With Disney, World 2000, Touchstone Pictures.",,
1638277568,11,627615541,Ireland,,,,,
1646096119,14,627615541,Ireland,,,,0,0
1646354558,102,-1667979887,Ireland,,,,,
1660022828,5,-1164394825,,,,"Dublin Film Festival, 4/3/1993",,
1663072676,0,-411954929,USA,,,Five reels,,
1677978804,10,-1091843489,Ireland,,,,,
1678172637,52,1128074956,Ireland,,,,,
1681360824,3,627615541,Ireland,,,Galway Film Fleadh 2003,0,0
1696177520,17,350228363,Ireland,,,"Cork Film Festival, 8/10/1993.",,
1697662650,0,1661027795,USA,,,Five reels,,
1703023669,13,-1797924093,Ireland,,,Galway Film Fleadh 2004,,
1703342252,8,627615541,Ireland,,,Galway Film Festival 2005 (event programme),,
1716711424,61,627615541,Ireland,,,,,
1721595795,7,627615541,Ireland,,,Galway Film Fleadh 2000,0,0
1725913551,25,-1517191226,Ireland,,,,,
1768338429,0,-1781752468,Ireland,,,,,
1768359945,27,-48040664,Ireland,,,Cork Film Festival. b&w.,,
1771076302,17,-944236148,Ireland,,,with Irish Film Board/Bord Scannán na hÉireann,,
1778323900,0,627615541,Ireland,,,,,
1796544884,12,-953753551,Ireland,,,"Irish Film Centre, 24/6/1994.  Galway Film Fleadh, 16/7/1994.  16mm.",,
1798844131,12,-953753551,Ireland,,,,,
1799131301,45,627615541,Ireland,,,Cannes Film Festival 2005,,
1800566366,45,1153387532,Ireland,,,,,
1819391114,27,2038103373,Ireland,,,"On of the first six films in the production scheme 'Short Cuts', initiated by Bord Scannán na hÉireann and RTÉ. Released at the Cork Film Festival, 1995.",,
1820514081,97,-2088274226,USA,,,,1995,0
1821504472,58,-357963629,Ireland,,,With assistance of Bord Scannán na hÉireann/Irish Film Board. 16mm.,,
1833994808,5,627615541,Ireland,,,IFTN lists runtime as 9mins. AKA Irish Women. Part of Frameworks series.,0,0
1835770157,7,-953753551,Ireland,,,Cork Film Festival 2003; Galway Film Fleadh 2004,,
1840295109,0,-1956151724,USA,,,,,
1855675094,3,2043453412,Ireland,,,Part of series 'Home' for TV,0,0
1858847315,0,-2042707750,Ireland,,,with Irish Film Board/Bord Scannán na hÉireann (Frameworks),,
1862090559,30,582635766,Ireland,,,,,
1864735840,0,-1739779691,Ireland,,,,,
1866707222,129,684837225,USA,,,,,
1870050864,16,-953753551,Ireland,,,,,
1870309140,12,-953753551,Ireland,,,"Galway Film Fleadh, 1993. 16mm.",,
1875782897,29,627615541,Ireland,,,with Irish Film Board/Bord Scannán na hÉireann (Oscailt),,
1892744472,52,2043453412,Ireland,,,Part of True Lives documentary series,0,0
1896881009,30,2057377336,Ireland,,,,,
1906417587,15,156028858,Ireland,,,,,
1909504231,14,1124278846,Ireland,,,"With the assistance of Bord Scannán na hÉireann/Irish Film Board and Radio Teilifís Éireann.  Dublin Film Festival, 1985.",,
1910635187,4,-953753551,Ireland,,,,,
1911050496,6,-1553540261,Ireland,,,with Irish Film Board/Bord Scannán na hÉireann (Frameworks),,
1911277119,8,1701204982,Ireland,,,with Irish Film Board/Bord Scannán na hÉireann,,
1912867315,0,2057377336,Ireland,,,,,
1922606741,5,-1797924093,Ireland,,,"Galway Film Fleadh, 1993.",,
1929542193,44,1449816938,Ireland,,,Silent film,0,0
1932398789,17,-953753551,Ireland,,,"Released in the Irish Film Centre, 1995. Filmed on 16mm.",,
1948413053,101,317655020,USA,,,,,
1951128312,30,1754660915,,,,"Dublin Film Festival, 19/7/1992.",,
1951800954,12,-147488093,Ireland,,,"Cork Film Festival, 1992. 16mm.",,
1977264507,0,433244554,USA,,,Five reels,,
1979054194,3,730229205,Ireland,,,Cork Film Festival 2001,,
1979165793,66,1523546592,USA,,,,,
1986190830,11,-953753551,Ireland,,,With Cutting The Cheese Films.,,
1986321201,0,627615541,Ireland,,,Galway Film Festival 2005 (event programme),,
1996831942,52,1047963641,Ireland,,,,,
1996965072,6,627615541,Ireland,,,,0,0
2000219662,325,567931745,Ireland,,,13x25 minute programmes. Two series,,
2004540227,90,-1260043382,Ireland,,,Cork Film Festival 1999,,
2015332692,102,82533759,Ireland,Italy,Germany,"With Metropolitan Films, Volta Films, Road Movies; and with support from Bord Scannan na hEireann, RTE, Eurimages, Film Forderung Hamburg and Ministeri per Culturali Departmenti della Spetticoli",2000,2000
2027630532,150,-963075718,Ireland,,,6x25 minute programmes,,
2035107048,10,627615541,Ireland,,,Doclands Documentary Film Festival Dublin 2001,0,0
2039668995,27,-52381622,Ireland,,,,,
2051703722,0,1052490912,Ireland,,,with Irish Film Board/Bord Scannán na hÉireann.  Conflict with IFTN re production company: listed as Clanvisions Ltd.,,
2053999720,91,1478315363,England,,,Working Title 'Passage of Love'. USA title 'Time Lost and Time Remebered'.,,
2055590812,3,627615541,Ireland,,,,0,0
2059558754,300,-1739779691,Ireland,,,10x30 minute programmes,,
2071583277,6,-953753551,Ireland,,,,0,0
2077390490,20,627615541,Ireland,,,Galway Film Fleadh 2002 (Best Short Documentary),0,0
2079133092,120,-298811,England,,,,0,0
2088286133,100,1883503364,Ireland,,,"with Irish Film Board/Bord Scannán na hÉireann, RTÉ and Xtravision.",,
2088879205,16,170023028,Ireland,,,,,
2091844732,10,-588863929,Ireland,,,"Galway Film Fleadh, 16/7/1993",,
2094700054,3,627615541,Ireland,,,,0,0
2098310778,360,-1739779691,Ireland,,,,,
2100143957,24,627615541,Ireland,,,Cork Film Festival 2001,0,0
2104097850,28,627615541,Ireland,,,,,
2105640476,0,6607463,Ireland,,,,,
2107122566,20,627615541,Ireland,,,,0,0
2108069536,3,-1995761451,Ireland,,,,,
2110208086,15,-953753551,Ireland,,,,,
2115610629,0,-2014663020,Ireland,,,More than 140 24 minute programmes produced,,
2125476317,10,627615541,Ireland,,,,0,0
2127948986,3,627615541,Ireland,,,"Sculpoe exhibition by Paul Campell, with poetry by Mary Dempsey.",,
2137266950,93,-963075718,Ireland,,,,,
2137430965,122,1071378180,Ireland,,,35x3.5minute programmes,,
2140715356,28,-475391321,Ireland,,,with Irish Film Board/Bord Scannán na hÉireann (Oscailt),,
