publication_id,place_of_first_production_settlement,place_of_first_production_county,place_of_first_production_country,first_revival_year,first_revival_month,first_revival_day,place_of_first_revival_settlement,place_of_first_revival_county,place_of_first_revival_country,theatre_company,venue,revival_venue,notes
-2112730124,Dublin,,Ireland,0,0,0,,,,-1402958477,The Gate Theatre,,
-2104042755,Dublin,Dublin,Ireland,0,0,0,,,,-1050361748,,,Produced at the Gate Theatre
-2096153088,Dublin,,Ireland,0,0,0,,,,-712549273,Abbey Theatre,,
-2095002937,Dublin,Dublin,Ireland,0,0,0,,,,-712549273,Abbey Theatre,,
-2087449008,Belfast,,Ireland,0,0,0,,,,702702609,Stranmillis College Theatre,,
-2086900851,London,,England,0,0,0,,,,-153439562,The Playhouse,,
-2084345123,,,,,0,0,,,,-712549273,,,"Produced at The Abbey Theatre. ""Produced at the Queen's Theatre""."
-2054379211,Kilkenny,,Ireland,0,0,0,,,,1920190831,Watergate Theatre,,
-2050900264,Dublin,,Ireland,0,0,0,,,,-1050361748,The Gate Theatre,,
-2049965346,Belfast,,Ireland,0,0,0,,,,-1368436573,Arts Theatre,,
-2048011383,Enniskillen,Fermanagh,Ireland,0,0,0,,,,1569298031,Ardhowen Theatre,,
-2042000481,,,,0,0,0,,,,-153439562,Firkin Lane,,
-2040632042,Dublin,,Ireland,0,0,0,,,,-1402958477,The Gate Theatre,,
-2034899544,Kilkenny,,Ireland,0,0,0,,,,1920190831,Watergate Theatre,,
-2033735532,Belfast,,Ireland,0,0,0,,,,2075769476,Old Museum Arts Centre,,
-2032363115,Dublin,,Ireland,0,0,0,,,,-712549273,Abbey Theatre,,
-2029754471,Dublin,,Ireland,0,0,0,,,,-712549273,Abbey Theatre,,
-2027202795,Dublin,,Ireland,0,0,0,,,,-712549273,Abbey Theatre,,
-2007127478,,,,0,0,0,,,,-153439562,,,
-2005088509,Dublin,,Ireland,0,0,0,,,,-843556565,Project Arts Centre,,
-1999194532,Belfast,,Ireland,0,0,0,,,,1300715191,Old Museum Arts Centre,,
-1986993802,Dublin,,Ireland,0,0,0,,,,-712549273,Abbey Theatre,,
-1986557827,Dublin,Dublin,Ireland,0,0,0,,,,-712549273,Abbey Theatre,,
-1983921344,Dublin,,Ireland,0,0,0,,,,-1050361748,The Gate Theatre,,
-1941137347,Dublin,Dublin,Ireland,0,0,0,,,,-712549273,Abbey Theatre,,
-1939851992,Dublin,,Ireland,0,0,0,,,,-712549273,Abbey Theatre,,
-1918755635,Belfast,Antrim,Ireland,0,0,0,,,,528594578,,,Produced at the Group Theatre
-1905338785,Dublin,,Ireland,0,0,0,,,,1633018044,Gate Theatre,,
-1894018015,,,,0,0,0,,,,2075769476,,,
-1889268722,Dublin,,Ireland,0,0,0,,,,-2025750415,Project Arts Centre,,
-1877554256,,,,0,0,0,,,,-153439562,Crawford Gallery,,
-1869342099,Dublin,,Ireland,0,0,0,,,,-1292405262,Riverside Theatre,,
-1862096854,Dublin,,Ireland,0,0,0,,,,-712549273,Abbey Theatre,,
-1860462913,Cork,,Ireland,0,0,0,,,,-2025750415,Cork Opera House,,
-1854341564,Dublin,,Ireland,0,0,0,,,,-1050361748,The Gate Theatre,,
-1852506027,Dublin,Dublin,Ireland,0,0,0,,,,-1050361748,,,Produced at The Gate Theatre
-1851262153,,,,0,0,0,,,,2075769476,,,
-1844449930,,,,0,0,0,,,,1569298031,,,
-1821889288,Galway,,Ireland,0,0,0,,,,1316655950,Town Hall Theatre,,
-1806468357,Dublin,,Ireland,0,0,0,,,,-712549273,Abbey Theatre,,
-1806248797,Limerick,,Ireland,0,0,0,,,,1343083176,Belltable Arts Centre,,
-1805765846,Dublin,,Ireland,0,0,0,,,,-1050361748,The Gate Theatre,,
-1805697465,Portstewart,,Ireland,0,0,0,,,,-1292405262,Flowerfield Arts Centre,,
-1797929087,Dublin,,Ireland,0,0,0,,,,1444018094,The Round Room in the Mansion House,,
-1779904782,,,,0,0,0,,,,-1562271663,,,
-1768175647,Dublin,,Ireland,0,0,0,,,,-1036629874,The Gate Theatre,,
-1764720611,Dublin,,Ireland,0,0,0,,,,-712549273,Abbey Theatre,,
-1694366664,,,,0,0,0,,,,1548641276,,,
-1683230102,Dublin,,Ireland,0,0,0,,,,-511387485,Bewley's Café Theatre,,
-1668949276,Dublin,,Ireland,0,0,0,,,,798972613,City Arts Centre,,
-1668709808,Dublin,,Ireland,0,0,0,,,,-1402958477,The Gate Theatre,,
-1632216004,Ulster,,Ireland,0,0,0,,,,-1368436573,Riverside Theatre,,
-1621815835,Limerick,,Ireland,0,0,0,,,,1603442578,Belltable Arts Centre,,
-1611611693,Mullingar,,Ireland,0,0,0,,,,-153439562,Mullingar Arts Cente,,
-1602817243,Dublin,,Ireland,0,0,0,,,,1666006495,Focus Theatre,,
-1601500229,Clifden,,Ireland,0,0,0,,,,-1397026336,Town Hall Theatre,,
-1589756976,,,,0,0,0,,,,1548641276,,,
-1582137318,Dublin,,Ireland,0,0,0,,,,-712549273,Abbey Theatre,,
-1574736592,London,,England,0,0,0,,,,-1336716943,Tricycle Theatre,,
-1573170810,Dublin,,Ireland,0,0,0,,,,-712549273,Abbey Theatre,,
-1567942283,Dublin,,Ireland,0,0,0,,,,1603442578,Project Arts Centre,,
-1565930096,Limerick,,Ireland,0,0,0,,,,1607599215,Belltable Arts Centre,,
-1565430472,Dublin,,Ireland,0,0,0,,,,1135709480,Andrew's Lane,,
-1559314668,,,,0,0,0,,,,1569298031,Rock Theatre,,
-1558893513,,,,0,0,0,,,,8831333,,,
-1543197535,,,,0,0,0,,,,1926951602,Lyric Theatre,,
-1540916709,Galway,,Ireland,0,0,0,,,,8831333,Druid Lane Theatre,,
-1538680515,Dublin,,Ireland,0,0,0,,,,-555958854,Olympia Theatre,,
-1515498752,Dublin,,Ireland,0,0,0,,,,-712549273,Abbey Theatre,,
-1499898841,Cork,,Ireland,0,0,0,,,,-1736426276,Cork Opera House,,
-1499436289,Dublin,,Ireland,0,0,0,,,,1863575764,City Arts Centre,,
-1476812018,Belfast,,Ireland,0,0,0,,,,1926951602,Lyric Theatre,,
-1463584858,Dublin,,Ireland,0,0,0,,,,-1050361748,The Gate Theatre,,
-1449991146,Kilkenny,,Ireland,0,0,0,,,,1920190831,Watergate Theatre,,
-1448019519,Galway,,Ireland,0,0,0,,,,8831333,Town Hall Theatre,,
-1442272022,Dublin,,Ireland,0,0,0,,,,-681533149,Project Arts Centre,,
-1434146663,Dublin,Dublin,Ireland,0,0,0,,,,-712549273,,,"""Produced at the Queen's Theatre"""
-1429620432,Enniskillen,Fermanagh,Ireland,0,0,0,,,,-1368436573,Ardhowen Theatre,,
-1416727702,Dublin,,Ireland,0,0,0,,,,-712549273,Abbey Theatre,,
-1405929469,,,,0,0,0,,,,691438355,,,
-1404078249,Dublin,,Ireland,0,0,0,,,,-712549273,Abbey Theatre,,
-1382872267,Dublin,,Ireland,0,0,0,,,,-712549273,Abbey Theatre,,
-1372979148,Kilkenny,,Ireland,0,0,0,,,,1920190831,Watergate Theatre,,
-1348095767,Dublin,,Ireland,0,0,0,,,,600616947,Project Arts Centre,,
-1344726542,,,,0,0,0,,,,-153439562,,,
-1335147931,London,,England,0,0,0,,,,-1061066302,The Royal Court Theatre,,
-1326626596,Belfast,,Ireland,0,0,0,,,,1569298031,Grand Opera House,,
-1323292916,London,,England,0,0,0,,,,-1933859555,The Royal Court Theatre,,
-1322890574,Bishopstown,Cork,Ireland,0,0,0,,,,691438355,Coláiste an Spioraid Naofa,,
-1311567918,Dublin,,Ireland,0,0,0,,,,1633018044,The Gate Theatre,,
-1304577279,Bury St Edmunds,,England,0,0,0,,,,502587945,Theatre Royal,,
-1304002185,Dublin,,Ireland,0,0,0,,,,-1292405262,Riverside Theatre,,
-1300708618,Dublin,,Ireland,0,0,0,,,,-712549273,Abbey Theatre,,
-1287193700,Dublin,Dublin,Ireland,0,0,0,,,,-712549273,Abbey Theatre,,
-1283343212,Dublin,,Ireland,0,0,0,,,,-712549273,Abbey Theatre,,
-1277511220,Cork,,Ireland,0,0,0,,,,-153439562,Cork Opera House,,
-1275942067,Dublin,,Ireland,0,0,0,,,,-712549273,Abbey Theatre,,
-1260550125,London,,England,0,0,0,,,,-1368436573,Drill Hall,,
-1249960435,Belfast,,Ireland,0,0,0,,,,1300715191,Old Museum Arts Centre,,
-1236992273,Dublin,,Ireland,0,0,0,,,,1475054084,Project Arts Centre,,
-1231893978,Galway,,Ireland,0,0,0,,,,1612261081,The Black Box,,
-1231688785,Ballymoney,,Ireland,0,0,0,,,,-1965447228,Ballymoney Arts Centre,,
-1226915848,Dublin,,Ireland,0,0,0,,,,-511387485,Bewley's Café Theatre,,
-1220904667,Dublin,,Ireland,0,0,0,,,,1603442578,Meeting House Square,,
-1220099609,Dublin,,Ireland,0,0,0,,,,-636796677,Dublin Writers' Museuem,,
-1219820745,Dublin,Dublin,Ireland,0,0,0,,,,-712549273,Abbey Theatre,,
-1201430480,Dublin,,Ireland,0,0,0,,,,1214035932,Civic Theatre,,
-1197047420,Dublin,Dublin,Ireland,0,0,0,,,,-153439562,,,"""First produced…at the Damer Hall, Dublin"""
-1186916225,Dublin,,Ireland,0,0,0,,,,-153439562,Andrew's Lane,,
-1175276780,,,,0,0,0,,,,691438355,,,
-1157422766,Dublin,,Ireland,0,0,0,,,,-511387485,International Bar,,
-1148513672,Dublin,,Ireland,0,0,0,,,,1666006495,Focus Theatre,,
-1130417192,Ulster,Antrim,Ireland,0,0,0,,,,528594578,Group Theatre,,
-1128406716,Dublin,,Ireland,0,0,0,,,,1863575764,Samuel Beckett Theatre,,
-1125837900,Shepherds Bush,London,England,0,0,0,,,,1828204197,The Bush Theatre,,
-1108240375,Dublin,,Ireland,0,0,0,,,,-681533149,Project Arts Centre,,
-1106537993,Dublin,,Ireland,0,0,0,,,,-712549273,Abbey Theatre,,
-1105903599,,,,0,0,0,,,,2075769476,,,
-1090537113,Dublin,,Ireland,0,0,0,,,,410711230,Andrew's Lane,,
-1089213875,Dublin,Dublin,Ireland,0,0,0,,,,-712549273,Abbey Theatre,,
-1089000572,,,,0,0,0,,,,1569298031,,,
-1071016048,Dublin,,Ireland,0,0,0,,,,-712549273,Abbey Theatre,,
-1068019132,Dublin,,Ireland,0,0,0,,,,1214035932,Civic Theatre,,
-1064044703,Dun Laoghaire,Dublin,Ireland,0,0,0,,,,-1314991904,Pavilion Theatre,,
-1057488240,Dublin,Dublin,Ireland,0,0,0,,,,-712549273,Abbey Theatre,,
-1054619520,Dublin,,Ireland,0,0,0,,,,-1184022911,Project Arts Centre,,
-1054486953,Dublin,Dublin,Ireland,0,0,0,,,,-712549273,Abbey Theatre,,
-1038012072,Dublin,,Ireland,0,0,0,,,,-1184022911,Project Arts Centre,,
-1034962036,Dublin,,Ireland,0,0,0,,,,1603442578,Project Arts Centre,,
-1030724802,Dublin,,Ireland,0,0,0,,,,-1050361748,The Gate Theatre,,
-1023107377,Dublin,,Ireland,0,0,0,,,,-712549273,Abbey Theatre,,
-1009322253,Dublin,Dublin,Ireland,0,0,0,,,,-712549273,Abbey Theatre,,
-990885421,Dublin,Dublin,Ireland,0,0,0,,,,-712549273,Abbey Theatre,,
-988380476,Dublin,Dublin,Ireland,0,0,0,,,,-1402958477,,,Performed at the Gate Theatre
-986137968,Dublin,,Ireland,0,0,0,,,,-1050361748,The Gate Theatre,,
-983320596,Dublin,,Ireland,0,0,0,,,,-1463460739,Civic Theatre,,
-970817052,Cork,,Ireland,0,0,0,,,,691438355,St. Marks Boys School,,
-963499042,Dublin,,Ireland,0,0,0,,,,-2025750415,Project Arts Centre,,
-944380985,Dublin,,Ireland,0,0,0,,,,-712549273,Abbey Theatre,,
-938046504,London,,England,0,0,0,,,,-153439562,Cottesloe Theatre,,
-901558601,Dublin,,Ireland,0,0,0,,,,-636796677,SS Michael and John,,
-881669647,Dublin,,Ireland,0,0,0,,,,-712549273,Abbey Theatre,,
-880995822,Dublin,,Ireland,0,0,0,,,,-843556565,Project Arts Centre,,
-876382670,Dublin,,Ireland,0,0,0,,,,-153439562,Bewley's Café Theatre,,
-872662570,Dublin,,Ireland,0,0,0,,,,-1050361748,The Gate Theatre,,
-871499216,Cork,,Ireland,0,0,0,,,,-2025750415,Cork Opera House,,
-869357381,,,,0,0,0,,,,-1752454432,Players Theatre,,
-849787506,Dublin,,Ireland,0,0,0,,,,-636796677,Dublin Writers' Museuem,,
-846863696,Dublin,,Ireland,0,0,0,,,,-712549273,Abbey Theatre,,
-840672756,Dublin,,Ireland,0,0,0,,,,1666006495,Focus Theatre,,
-819778404,Dublin,,Ireland,0,0,0,,,,507707245,Project Arts Centre,,
-800734643,Dublin,,Ireland,0,0,0,,,,-712549273,Abbey Theatre,,
-796619437,Galway,,Ireland,0,0,0,,,,8831333,Druid Lane Theatre,,
-792861050,Dublin,,Ireland,0,0,0,,,,-712549273,Abbey Theatre,,
-789309400,Dublin,Dublin,Ireland,0,0,0,,,,1251749641,Crypt Arts Centre,,
-743143133,Dublin,,Ireland,0,0,0,,,,1135709480,City Arts Centre,,
-742579731,Dublin,,Ireland,0,0,0,,,,-712549273,Abbey Theatre,,
-731447719,Ballina,Mayo,Ireland,0,0,0,,,,-1817014103,The Building Theatre,,
-730463053,Dublin,,Ireland,0,0,0,,,,1666006495,Focus Theatre,,
-711146270,Dublin,,Ireland,0,0,0,,,,-712549273,Abbey Theatre,,
-685837872,Dublin,Dublin,Ireland,0,0,0,,,,-1599237493,,,Performed at the Lantern Theatre Club
-678892813,,,,0,0,0,,,,-636796677,,,
-672447113,Galway,,Ireland,0,0,0,,,,-1782840262,Punchbag Theatre,,
-670683079,Dublin,Dublin,Ireland,0,0,0,,,,-712549273,Abbey Theatre,,
-670645905,Belfast,,Ireland,0,0,0,,,,2075769476,Belfast Royal Academy,,
-663806511,Dublin,Dublin,Ireland,0,0,0,,,,-1402958477,,,Performed at The Gate Theatre
-654607170,Dublin,,Ireland,0,0,0,,,,-712549273,Abbey Theatre,,
-644506171,Dublin,Dublin,Ireland,0,0,0,,,,-712549273,Abbey Theatre,,
-643147449,Dublin,Dublin,Ireland,0,0,0,,,,-712549273,,,Produced at the Abbey Theatre (the Queen's Theatre)
-632904174,Dublin,Dublin,Ireland,0,0,0,,,,-712549273,Abbey Theatre,,
-629539114,Dublin,,Ireland,0,0,0,,,,-712549273,Abbey Theatre,,
-626641679,,Waterford,Ireland,0,0,0,,,,168285278,Garter Lane Arts Centre,,
-622611700,Dublin,,Ireland,0,0,0,,,,1214035932,Civic Theatre,,
-613587959,Dublin,,Ireland,0,0,0,,,,-712549273,Abbey Theatre,,
-607322619,Dublin,,Ireland,0,0,0,,,,-511387485,Bewley's Café Theatre,,
-590796320,Belfast,,Ireland,0,0,0,,,,1926951602,Lyric Theatre,,
-572827268,Dublin,,Ireland,0,0,0,,,,-153439562,Andrew's Lane,,
-564974506,,,,0,0,0,,,,-153439562,Digital Hub,,
-560225715,Dublin,,Ireland,0,0,0,,,,-949176950,Andrew's Lane,,
-541030338,Dublin,,Ireland,0,0,0,,,,-712549273,Abbey Theatre,,
-538239052,Dublin,,Ireland,0,0,0,,,,1603442578,Project Arts Centre,,
-524401640,Dublin,,Ireland,0,0,0,,,,-1050361748,The Gate Theatre,,
-499905334,,,,0,0,0,,,,2075769476,,,
-495723665,Dublin,,Ireland,0,0,0,,,,-1402958477,The Gate Theatre,,
-485407274,Drogheda,Louth,Ireland,0,0,0,,,,910658207,Droichead Arts Centre,,
-482922061,Dublin,,Ireland,0,0,0,,,,1475054084,Project Arts Centre,,
-482326955,Limerick,,Ireland,0,0,0,,,,1572649714,Belltable Arts Centre,,
-460798025,,,,0,0,0,,,,1926951602,Lyric Theatre,,
-429381125,,,,0,0,0,,,,1926951602,Lyric Theatre,,
-424279539,Dublin,,Ireland,0,0,0,,,,-712549273,Abbey Theatre,,
-407916324,Dublin,,Ireland,0,0,0,,,,-153439562,Project Arts Centre,,
-405621817,Belfast,Antrim,Ireland,0,0,0,,,,1548641276,Old Museum Arts Centre,,
-396791112,Dublin,,Ireland,0,0,0,,,,-1050361748,The Gate Theatre,,
-395221123,Dublin,,Ireland,0,0,0,,,,-712549273,Abbey Theatre,,
-393858597,Dublin,,Ireland,0,0,0,,,,-712549273,Abbey Theatre,,
-383219674,Dublin,Dublin,Ireland,0,0,0,,,,-1050361748,,,?performed at the Gate Theatre?
-372920327,Dublin,,Ireland,0,0,0,,,,1666006495,Focus Theatre,,
-368286067,,,,0,0,0,,,,1548589892,,,
-364484048,Dublin,,Ireland,0,0,0,,,,-712549273,Abbey Theatre,,
-363953453,Dublin,,Ireland,0,0,0,,,,995299641,Project Arts Centre,,
-361057389,Dublin,,Ireland,0,0,0,,,,1666006495,Focus Theatre,,
-346629780,Dublin,,Ireland,0,0,0,,,,-712549273,Abbey Theatre,,
-340279527,Dublin,,Ireland,0,0,0,,,,1633018044,The Gate Theate,,
-309396663,Dublin,Dublin,Ireland,0,0,0,,,,-712549273,Abbey Theatre,,
-305270315,Dublin,,Ireland,0,0,0,,,,-524754830,Olympia Theatre,,
-296105418,Dublin,Dublin,Ireland,0,0,0,,,,-712549273,Abbey Theatre,,
-291070446,Dublin,,Ireland,0,0,0,,,,-1402958477,The Gate Theatre,,
-271441991,Galway,,Ireland,0,0,0,,,,8831333,Druid Lane Theatre,,
-266640096,Dublin,Dublin,Ireland,0,0,0,,,,-1005456389,,,"""Presented at the Dublin Theatre Festival…Produced by York Promotions by arrangement with Stanley Illsley and Leo McCabe"". ""Translated and adapted from The Original by Marcelle Maurette."" Performed at the Olympia Theatre."
-259388369,,,,0,0,0,,,,-1292405262,,,
-250924421,Dublin,,Ireland,0,0,0,,,,798972613,Project Arts Centre,,
-250816419,Dublin,Dublin,Ireland,0,0,0,,,,-712549273,Abbey Theatre,,
-250767684,,,,0,0,0,,,,691438355,,,
-249216899,Dublin,,Ireland,0,0,0,,,,-1292405262,Riverside Theatre,,
-248854774,Belfast,Antrim,Ireland,0,0,0,,,,-2071420564,Grand Opera House,,
-247289018,Dublin,,Ireland,0,0,0,,,,798972613,Project Arts Centre,,
-245595799,London,,England,0,0,0,,,,1548589892,Battersea Arts Centre,,
-239530053,Dublin,Dublin,Ireland,0,0,0,,,,-712549273,Abbey Theatre,,
-226412281,Dublin,,Ireland,0,0,0,,,,-1817014103,Andrew's Lane,,
-220657843,Stratford-Upon-Avon,Warwickshire,England,0,0,0,,,,-1091209590,The Other Place,,
-199410816,,,,0,0,0,,,,1863575764,,,
-193897867,Dublin,,Ireland,0,0,0,,,,-712549273,Abbey Theatre,,
-186005270,Dublin,,Ireland,0,0,0,,,,-1085509476,Bewley's Café Theatre,,
-177938072,Dublin,,Ireland,0,0,0,,,,-712549273,Abbey Theatre,,
-170170311,Waterford,,Ireland,0,0,0,,,,168285278,Garter Lane Arts Centre,,
-162597571,Dublin,,Ireland,0,0,0,,,,798972613,Project Arts Centre,,
-155349678,Belfast,,Ireland,0,0,0,,,,1926951602,Lyric Theatre,,
-155184014,Dublin,,Ireland,0,0,0,,,,-712549273,Abbey Theatre,,
-147276585,Belfast,Antrim,Ireland,0,0,0,,,,528594578,,,"Produced at the Group Theatre. Published by H.R. Carter Publications Ltd., Belfast, 1955."
-147135549,Dublin,Dublin,Ireland,0,0,0,,,,-1050361748,,,Produced at The Gate Theatre
-143899654,Dublin,,Ireland,0,0,0,,,,-712549273,Abbey Theatre,,
-139797735,Dublin,,Ireland,0,0,0,,,,-712549273,Abbey Theatre,,
-136066270,Dublin,,Ireland,0,0,0,,,,-636796677,Draíocht Centre for the Arts,,
-125344614,Dublin,,Ireland,0,0,0,,,,1603442578,Project Arts Centre,,
-122029718,,,,0,0,0,,,,1863575764,,,
-120117605,Dublin,Dublin,Ireland,0,0,0,,,,-712549273,Abbey Theatre,,
-115970946,Dublin,Dublin,Ireland,0,0,0,,,,-712549273,,,"""Presented on the Abbey Stage"". Adapted from Frank O'Connor's short story."
-115668429,Dublin,,Ireland,0,0,0,,,,-712549273,Abbey Theatre,,
-115286870,Dublin,,Ireland,0,0,0,,,,410711230,Civic Theatre,,
-107194066,Ulster,Antrim,Ireland,0,0,0,,,,528594578,Group Theatre,,
-92711665,Dublin,Dublin,Ireland,0,0,0,,,,-712549273,Abbey Theatre,,
-79072458,Liverpool,,England,0,0,0,,,,-260395479,Liverpool Playhouse Studio,,
-68503919,Dublin,,Ireland,0,0,0,,,,-712549273,Abbey Theatre,,
-65168150,Dublin,,Ireland,0,0,0,,,,-712549273,Abbey Theatre,,
-53822442,Dublin,,Ireland,0,0,0,,,,-712549273,Abbey Theatre,,
-52297253,Dublin,,Ireland,0,0,0,,,,1666006495,Focus Theatre,,
-49253785,Dublin,,Ireland,0,0,0,,,,1285570691,Andrew's Lane,,
-38274523,Cork,,Ireland,0,0,0,,,,1951676034,Granary Theatre,,
-35472180,Dublin,,Ireland,0,0,0,,,,-712549273,Abbey Theatre,,
-29000603,Dublin,Dublin,Ireland,0,0,0,,,,-1050361748,,,Produced at The Gate Theatre
-17998590,Dublin,,Ireland,0,0,0,,,,1863575764,"The Ark, A Cultural Centre for Children",,
-2825529,Dublin,,Ireland,0,0,0,,,,-712549273,Abbey Theatre,,
1402953,,,Ireland,0,0,0,,,,-153439562,Tinahely Court House,,
5455110,Dublin,,Ireland,0,0,0,,,,-712549273,Abbey Theatre,,
6583012,,,,0,0,0,,,,-1368436573,,,
7156983,,,,0,0,0,,,,-712549273,,,
31541497,Dublin,,Ireland,0,0,0,,,,1214035932,Project Arts Centre,,
56721093,Dublin,,Ireland,0,0,0,,,,-712549273, Abbey Theatre,,
57825930,Dublin,,Ireland,0,0,0,,,,-712549273,Abbey Theatre,,
72871546,Dublin,,Ireland,0,0,0,,,,-712549273,Abbey Theatre,,
85106060,Dublin,,Ireland,0,0,0,,,,-2025750415,Civic Theatre,,
98540131,Belfast,,Ireland,0,0,0,,,,-1292405262,Lyric Theatre,,
111937946,Dublin,,Ireland,0,0,0,,,,-1184022911,Bewley's Café Theatre,,
113561285,Galway,,Ireland,0,0,0,,,,-1700964702,"Meeting Room, Imperial Hotel",,
123668577,Dublin,Dublin,Ireland,0,0,0,,,,-712549273,Abbey Theatre,,
151193420,,,,0,0,0,,,,1214035932,,,
159483199,,,,0,0,0,,,,2075769476,,,
167531741,,,,0,0,0,,,,694889932,,,
179847646,Dublin,,Ireland,0,0,0,,,,-712549273,Abbey Theatre,,
180908334,Dublin,,Ireland,0,0,0,,,,1603442578,Project Arts Centre,,
188207875,,,,0,0,0,,,,304400776,Hardwicke Street Hall,,
189299869,Belfast,,Ireland,0,0,0,,,,1548641276,Group Theatre,,
200746891,Ulster,,Ireland,0,0,0,,,,-1292405262,Riverside Theatre,,
202499029,,,,0,0,0,,,,821744588,,,
219722451,Dublin,,Ireland,0,0,0,,,,-1402958477,The Gate Theatre,,
222291636,Dublin,,Ireland,0,0,0,,,,-1199707041,City Arts Centre,,
231703792,Dublin,,Ireland,0,0,0,,,,-712549273,Abbey Theatre,,
234581747,Belfast,,Ireland,0,0,0,,,,-1965447228,Lyric Theatre,,
239029348,Dublin,,Ireland,0,0,0,,,,-712549273,Abbey Theatre,,
243997413,Dublin,,Ireland,0,0,0,,,,-712549273,Abbey Theatre,,
257130129,,,,0,0,0,,,,1863575764,,,
277123298,,,,0,0,0,,,,1569298031,,,
278723284,Dublin,,Ireland,0,0,0,,,,-712549273,Abbey Theatre,,
285905210,Dublin,Dublin,Ireland,0,0,0,,,,-2091226435,,,"Performed at The Gate Theatre. ""Adapted from T. Carmi's translation from the Hebrew of Lea Goldberg's play 'The Lady of the Castle'."""
289149047,Belfast,,Ireland,0,0,0,,,,1926951602,Lyric Theatre,,
300506145,Dublin,Dublin,Ireland,0,0,0,,,,-712549273,Abbey Theatre,,
301249340,Belfast,,Ireland,0,0,0,,,,1926951602,Lyric Theatre,,
319544015,Dublin,,Ireland,0,0,0,,,,-636796677,Dublin Writers' Museuem,,
322968542,Dublin,,Ireland,0,0,0,,,,-712549273,Abbey Theatre,,
323573407,Dublin,Dublin,Ireland,0,0,0,,,,-712549273,Abbey Theatre,,
327719971,Dublin,,Ireland,0,0,0,,,,-1085509476,Bewley's Café Theatre,,
333978940,Dublin,,Ireland,0,0,0,,,,-712549273,Abbey Theatre,,
340524337,Dublin,Dublin,Ireland,0,0,0,,,,-712549273,Abbey Theatre,,
358144632,Limerick,,Ireland,0,0,0,,,,-622446823,Belltable Arts Centre,,
371913049,,,,0,0,0,,,,1863575764,,,
388520559,Dublin,,Ireland,0,0,0,,,,-712549273,Abbey Theatre,,
389318906,Dublin,,Ireland,0,0,0,,,,600616947,Project Arts Centre,,
402596930,Dublin,,Ireland,0,0,0,,,,-153439562,City Arts Centre,,
410506498,,,,0,0,0,,,,1548641276,,,
431574662,Dublin,Dublin,Ireland,0,0,0,,,,-712549273,Abbey Theatre,,
436123696,Dublin,,Ireland,0,0,0,,,,-2025750415,Olympia Theatre,,
449990717,,,,0,0,0,,,,2075769476,,,
468930207,Dublin,,Ireland,0,0,0,,,,1666006495,Focus Theatre,,
490674109,,,,0,0,0,,,,8831333,,,
499599407,Dublin,,Ireland,0,0,0,,,,-636796677,Civic Theatre,,
500261698,Dublin,,Ireland,0,0,0,,,,-1050361748,The Gate Theatre,,
501720189,Gaillimh,Galway,Ireland,0,0,0,,,,-1782840262,An Taibhdhearc,,
511524739,Belfast,,Ireland,0,0,0,,,,1926951602,Lyric Theatre,,
523596030,Dublin,,Ireland,0,0,0,,,,-712549273,Abbey Theatre,,
535289312,Dublin,,Ireland,0,0,0,,,,-636796677,Dublin Writers' Museuem,,
540326470,Gardiner's Hill,Cork,Ireland,0,0,0,,,,691438355,St Patrick's Girls NS,,
545319742,Dublin,Dublin,Ireland,0,0,0,,,,-712549273,Abbey Theatre,,
565061638,Dublin,,Ireland,0,0,0,,,,-1050361748,The Gate Theatre,,
580963546,Dublin,Dublin,Ireland,0,0,0,,,,-712549273,Abbey Theatre,,
585387982,Dublin,,Ireland,0,0,0,,,,-712549273,Abbey Theatre,,
596124560,Clonmel,Tipperary,Ireland,0,0,0,,,,-1562271663,Magners Theatre,,
603090968,Dublin,,Ireland,0,0,0,,,,-712549273,Abbey Theatre,,
614096091,,,,0,0,0,,,,2075769476,,,
640787817,Dublin,Dublin,Ireland,0,0,0,,,,-712549273,Abbey Theatre,,
668802648,Dublin,,Ireland,0,0,0,,,,1666006495,Focus Theatre,,
670556552,Dublin,,Ireland,0,0,0,,,,-712549273,Abbey Theatre,,
683385940,,,,0,0,0,,,,798972613,,,
689328093,Dublin,,Ireland,0,0,0,,,,-1402958477,The Gate Theatre,,
690334664,London,,England,0,0,0,,,,502587945,The Royal Court Theatre,,
691952087,Galway,,Ireland,0,0,0,,,,8831333,Town Hall Theatre,,
706719174,Belfast,Antrim,Ireland,0,0,0,,,,-248418353,Garage Theatre,,
714706099,Dublin,Dublin,Ireland,0,0,0,,,,-712549273,Abbey Theatre,,
719686121,Belfast,Antrim,Ireland,0,0,0,,,,2075769476,Old Museum Arts Centre,,
729076562,Dublin,Dublin,Ireland,0,0,0,,,,1607599215,,,Performed at the Eblana Theatre
733136330,Dublin,,Ireland,0,0,0,,,,1285570691,City Theatre Dublin,,
741388383,Dublin,Dublin,Ireland,0,0,0,,,,1251749641,Project Arts Centre,,
746400657,,,,0,0,0,,,,-153439562,Droichead Arts Centre,,
753878517,,,,0,0,0,,,,-636796677,,,
761950514,Dublin,,Ireland,0,0,0,,,,-712549273,Abbey Theatre,,
762612815,Cork,,Ireland,0,0,0,,,,2085331940,Ivernia Theatre,,
763340808,,,,0,0,0,,,,-1368436573,,,
764049985,London,,England,0,0,0,,,,-712549273,The Royal Court Theatre,,
764067950,Dublin,,Ireland,0,0,0,,,,-1402958477,The Gate Theatre,,
770378870,Dublin,,Ireland,0,0,0,,,,-712549273,Abbey Theatre,,
782711594,Dublin,Dublin,Ireland,0,0,0,,,,-712549273,Abbey Theatre,,
790237602,,,,0,0,0,,,,2075769476,,,
798258949,Cork,,Ireland,0,0,0,,,,-2025750415,Cork Opera House,,
813146919,Dublin,,Ireland,0,0,0,,,,1214035932,Smock Alley Theatre & Studio,,
819688191,Ulster,,Ireland,0,0,0,,,,-1292405262,Riverside Theatre,,
829520841,Dublin,,,0,0,0,,,,-712549273,Abbey Theatre,,
829661808,Limerick,,Ireland,0,0,0,,,,1572649714,Belltable Arts Centre,,
832304405,Belfast,,Ireland,0,0,0,,,,1926951602,Lyric Theatre,,
866496049,Dublin,,Ireland,0,0,0,,,,-712549273,Abbey Theatre,,
876012102,,,,0,0,0,,,,812689999,,,
883410299,Dublin,,Ireland,0,0,0,,,,-1402958477,Gaiety Theatre,,
900554338,Dublin,,Ireland,0,0,0,,,,1623565115,Eblana Theatre,,
905781849,Dublin,Dublin,Ireland,0,0,0,,,,-712549273,Abbey Theatre,,
908384150,,,,0,0,0,,,,1863575764,,,
909035134,,,,0,0,0,,,,2075769476,,,
910124881,Dublin,,Ireland,0,0,0,,,,-1085509476,Bewley's Café Theatre,,
916850084,Dublin,,Ireland,0,0,0,,,,-636796677,Dublin Writers' Museuem,,
917227113,Cork,,Ireland,0,0,0,,,,-2025750415,Cork Opera House,,
932654929,Dublin,,Ireland,0,0,0,,,,-1722411202,Project Arts Centre,,
938280259,Dublin,,Ireland,0,0,0,,,,-1402958477,Gaiety Theatre,,
962835816,Dublin,,Ireland,0,0,0,,,,-1050361748,The Gate Theatre,,
976016053,Dublin,,Ireland,0,0,0,,,,1306493182,"The Ark, A Cultural Centre for Children",,
977483373,,,,0,0,0,,,,1603442578,Project Arts Centre,,
987361340,Dublin,,Ireland,0,0,0,,,,1633018044,The Gate Theatre,,
1016349133,,,,0,0,0,,,,-153439562,Andrew's Lane,,
1038782042,Dublin,,Ireland,0,0,0,,,,-1050361748,The Gate Theatre,,
1041749830,Edinburgh,,Scotland,0,0,0,,,,1603442578,Traverse Theatre,,
1081727756,Ulster,Antrim,Ireland,0,0,0,,,,528594578,Group Theatre,,
1081951493,Dublin,,Ireland,0,0,0,,,,1475054084,Bewley's Café Theatre,,
1101150482,Dublin,,Ireland,0,0,0,,,,1306493182,"The Ark, A Cultural Centre for Children",,
1104690423,Belfast,Antrim,Ireland,0,0,0,,,,-2071420564,Grand Opera House,,
1110992584,Dublin,Dublin,Ireland,0,0,0,,,,-712549273,Abbey Theatre,,
1115900522,Belfast,,Ireland,0,0,0,,,,-1368436573,Arts Theatre,,
1132948544,Dublin,,Ireland,0,0,0,,,,-153439562,Liberty Hall,,
1135444825,Dublin,,Ireland,0,0,0,,,,-2025750415,Olympia Theatre,,
1143048567,Dublin,Dublin,Ireland,0,0,0,,,,-712549273,Abbey Theatre,,
1148969587,Belfast,Antrim,Ireland,0,0,0,,,,-2071420564,Grand Opera House,,
1157267596,Dublin,,Ireland,0,0,0,,,,-1184022911,Bewley's Café Theatre,,
1170250006,Edinburgh,,Scotland,0,0,0,,,,-1545294625,Hillstreet Theatre,,
1170250395,Dublin,,Ireland,0,0,0,,,,763522880,Damer Hall,,
1173126624,Dublin,,Ireland,0,0,0,,,,-712549273,Abbey Theatre,,
1177949399,,,,0,0,0,,,,821744588,,,
1177949753,,,,0,0,0,,,,821744588,,,
1186013382,Dublin,,Ireland,0,0,0,,,,-712549273,Abbey Theatre,,
1193063841,Galway,,Ireland,0,0,0,,,,1316655950,Town Hall Theatre,,
1193310992,Dublin,,Ireland,0,0,0,,,,-1402958477,The Gate Theatre,,
1202577575,Dublin,,Ireland,0,0,0,,,,1306493182,"The Ark, A Cultural Centre for Children",,
1204556262,Kilkenny,,Ireland,0,0,0,,,,1920190831,Watergate Theatre,,
1205609148,,,,0,0,0,,,,1569298031,Rock Theatre,,
1207856607,Dublin,,Ireland,0,0,0,,,,-712549273,Abbey Theatre,,
1239388465,,,,0,0,0,,,,1214035932,,,
1245413488,,,,0,0,0,,,,-1005456389,Abbey Theatre,Abbey Theatre,
1253026987,Castlebar,Mayo,Ireland,0,0,0,,,,-1817014103,Linenhall Arts Cente,,
1254306716,Dublin,,Ireland,0,0,0,,,,1633018044,The Gate Theatre,,
1268682158,Dublin,,Ireland,0,0,0,,,,1475054084,Project Arts Centre,,
1273985651,Dublin,,Ireland,0,0,0,,,,-712549273,Abbey Theatre,,
1281005093,,,,0,0,0,,,,2075769476,,,
1298066105,,,,0,0,0,,,,-598261608,,,"""Premiered at the Poet's Theatre, Cambridge [Massachusetts]"". Adapted from James Joyce, Finnegan's Wake. Choreographer was Nora White Shattuck. Published as Passages from Finnegan's Wake (Harvard UP, 1957) and as The Voice of Shem (Faber & Faber, 1958)."
1304997180,Cork,,Ireland,0,0,0,,,,-2025750415,Cork Opera House,,
1306530656,Dublin,,Ireland,0,0,0,,,,-712549273,Abbey Theatre,,
1322762916,Dublin,,Ireland,0,0,0,,,,8831333,Town Hall Theatre,,
1332213023,Belfast,Antrim,Ireland,0,0,0,,,,528594578,,,Produced at the Group Theatre
1333358491,Dublin,,Ireland,0,0,0,,,,-1402958477,The Gate Theatre,,
1345216960,Dublin,,Ireland,0,0,0,,,,-636796677,Dublin Writers' Museuem,,
1358121987,Dublin,,Ireland,0,0,0,,,,-46616758,Eblana Theatre,,
1371869203,Dublin,,Ireland,0,0,0,,,,-712549273,Abbey Theatre,,
1382885986,,,,0,0,0,,,,1548641276,,,
1415071980,,,,0,0,0,,,,-2025750415,Players Theatre,,
1419444877,Belfast,,Ireland,0,0,0,,,,1926951602,Lyric Theatre,,
1420035794,Dublin,,Ireland,0,0,0,,,,691438355,City Arts Centre,,
1421117885,Galway,,Ireland,0,0,0,,,,-1782840262,Punchbag Theatre,,
1427589762,Dublin,,Ireland,0,0,0,,,,-2056790491,Abbey Theatre,,
1428954025,,,,0,0,0,,,,-153439562,,,Production company and venue unknown
1447591848,Bray,,Ireland,0,0,0,,,,1863575764,Bray School Project,,
1456940645,Dublin,,Ireland,0,0,0,,,,-153439562,Abbey Theatre,,
1458050627,Dublin,,Ireland,0,0,0,,,,-712549273,Abbey Theatre,,
1468412745,Enniskillen,Fermanagh,Ireland,0,0,0,,,,-1292405262,Ardhowen Theatre,,
1478889174,Drogheda,Louth,Ireland,0,0,0,,,,-1249534903,Droichead Arts Centre,,
1487646804,,,,0,0,0,,,,1201239749,,,
1492396366,Belfast,Antrim,Ireland,0,0,0,,,,1300715191,Old Museum Arts Centre,,
1509101716,,,,0,0,0,,,,1548589892,,,
1524825618,Armagh,,Ireland,0,0,0,,,,-1965447228,Market Place Theatre,,
1535601675,Dublin,Dublin,Ireland,0,0,0,,,,-712549273,Abbey Theatre,,
1536634235,Dublin,Dublin,Ireland,0,0,0,,,,-712549273,Abbey Theatre,,
1542169712,Dublin,Dublin,Ireland,0,0,0,,,,-1599237493,,,"Produced at the Lantern Theatre Club, Baggot St."
1544798102,Dublin,,Ireland,0,0,0,,,,1633018044,The Gate Theatre,,
1552879126,Dublin,,Ireland,0,0,0,,,,1666006495,Focus Theatre,,
1557456922,Ulster,Antrim,Ireland,0,0,0,,,,528594578,Group Theatre,,
1560899336,Dublin,,Ireland,0,0,0,,,,-712549273,Abbey Theatre,,
1567423616,Dublin,,Ireland,0,0,0,,,,1214035932,Meeting House Square,,
1572617394,Dublin,,Ireland,0,0,0,,,,1666006495,Focus Theatre,,
1575705454,Dublin,,Ireland,0,0,0,,,,-1050361748,The Gate Theatre,,
1582580651,Belfast,Antrim,Ireland,0,0,0,,,,528594578,,,Performed at the Group Theatre
1593400623,Kilkenny,,Ireland,0,0,0,,,,1548589892,Nero's Nightclub,,
1610536664,Dublin,,Ireland,0,0,0,,,,-712549273,Abbey Theatre,,
1617012556,Dublin,,Ireland,0,0,0,,,,-1050361748,The Gate Theatre,,
1628546120,Ballina,Mayo,Ireland,0,0,0,,,,-1817014103,The Building Theatre,,
1642569173,Dublin,Dublin,Ireland,0,0,0,,,,-712549273,Abbey Theatre,,
1649766042,,,,0,0,0,,,,1863575764,,,
1663976965,Dublin,Dublin,Ireland,0,0,0,,,,-712549273,Abbey Theatre,,
1666083188,Galway,,Ireland,0,0,0,,,,8831333,Druid Lane Theatre,,
1674934145,Dublin,,Ireland,0,0,0,,,,-2071420564,Gaiety Theatre,,
1675469746,,,,0,0,0,,,,2075769476,,,
1680714535,Kilkenny,,Ireland,0,0,0,,,,1920190831,Watergate Theatre,,
1712342392,Ulster,Antrim,Ireland,0,0,0,,,,528594578,Group Theatre,,
1726709163,Dublin,,Ireland,0,0,0,,,,-1700964702,Project Arts Centre,,
1750680412,Dublin,,Ireland,0,0,0,,,,1475054084,Project Arts Centre,,
1754250394,Glanmire,Cork,Ireland,0,0,0,,,,691438355,Coláiste an Phiarsaigh,,
1755050861,,,,0,0,0,,,,-1085509476,,,
1758942289,Dublin,,Ireland,0,0,0,,,,1475054084,Project Arts Centre,,
1763819245,Dublin,,Ireland,0,0,0,,,,-1700964702,Abbey Theatre,,
1775120184,Dublin,Dublin,Ireland,0,0,0,,,,-1402958477,,,Performed at the Gaiety Theatre
1786648009,Dublin,Dublin,Ireland,0,0,0,,,,-1050361748,,,Produced at The Gate Theatre
1811262460,Dublin,,Ireland,0,0,0,,,,-978082995,Riverside Theatre,,
1834280555,,,,0,0,0,,,,1863575764,,,
1837660530,Dublin,,Ireland,0,0,0,,,,-712549273,Abbey Theatre,,
1839445685,Dublin,,Ireland,0,0,0,,,,1436636676,Project Arts Centre,,
1850482642,Dublin,,Ireland,0,0,0,,,,-712549273,Abbey Theatre,,
1851902751,Dublin,,Ireland,0,0,0,,,,-712549273,Abbey Theatre,,
1852676294,Ulster,Antrim,Ireland,0,0,0,,,,528594578,Group Theatre,,
1863426352,Dublin,,Ireland,0,0,0,,,,-681533149,Project Arts Centre,,
1864059047,,,,0,0,0,,,,835833692,,,
1880302091,,,,0,0,0,,,,821744588,,,
1884396161,Belfast,,Ireland,0,0,0,,,,-1368436573,Arts Theatre,,
1908891243,Dublin,,Ireland,0,0,0,,,,-712549273,Abbey Theatre,,
1918720350,Cork,,Ireland,0,0,0,,,,-153439562,Ivernia Theatre,,
1924180062,Dublin,,Ireland,0,0,0,,,,-712549273,Abbey Theatre,,
1929614412,Dublin,,Ireland,0,0,0,,,,-712549273,Abbey Theatre,,
1932392284,Dublin,,Ireland,0,0,0,,,,-712549273,Abbey Theatre,,
1963475295,Newtownabbey,,Ireland,0,0,0,,,,2075769476,Abbot's Cross Primary School,,
1976513904,Dublin,,Ireland,0,0,0,,,,-712549273,Abbey Theatre,,
1996155031,Belfast,,Ireland,0,0,0,,,,-1368436573,Arts Theatre,,
1996849990,,,,0,0,0,,,,1569298031,,,
1999722551,Dublin,,Ireland,0,0,0,,,,798972613,Project Arts Centre,,
2006619023,,,,0,0,0,,,,528594578,,,Produced at the Group Theatre.
2017346049,Dublin,,Ireland,0,0,0,,,,-1199707041,SS Michael and John,,
2031500234,Dublin,,Ireland,0,0,0,,,,-712549273,Abbey Theatre,,
2080903928,,,,0,0,0,,,,8831333,,,
2089797660,Dublin,Dublin,Ireland,0,0,0,,,,-712549273,,,"""Produced at the Queen's Theatre"", Abbey Theatre."
2091777038,Dublin,,Ireland,0,0,0,,,,-1402958477,The Gate Theatre,,
2101069380,Dublin,Dublin,Ireland,0,0,0,,,,-712549273,Abbey Theatre,,
2103544891,,,,0,0,0,,,,1569298031,,,
2115227947,Dublin,,Ireland,0,0,0,,,,-636796677,Civic Theatre,,
2117995345,Belfast,,Ireland,0,0,0,,,,-1292405262,Old Museum Arts Centre,,
2119186009,Dublin,,Ireland,0,0,0,,,,-636796677,Bewley's Café Theatre,,
2127735133,Dublin,,Ireland,0,0,0,,,,-712549273,Abbey Theatre,,
